{
  "Contents": {
    "1f6c5645-cc8f-4a55-ab37-a4f008d01081": {
      "type": "TOY_BALL",
      "transform": "7.367975,-2.911964,0,1,1"
    },
    "80ff920e-f615-44eb-9115-cc0da660b922": {
      "childID": "1f6c5645-cc8f-4a55-ab37-a4f008d01081",
      "type": "BUTTON",
      "transform": "7.503755,3.401798,0,1,1"
    },
    "player": {
      "Inventory": "",
      "type": "PLAYER",
      "transform": "-5.22,2.05,0,1.4,1.4"
    },
    "a14f416f-3470-45e0-90c0-b481a0154194": {
      "type": "BARS",
      "transform": "-3.43,4.414766,90,0.1,2.625"
    },
    "48c7df6b-4695-48ab-b1c2-b838650b20c4": {
      "Level": "level8",
      "type": "EXIT",
      "transform": "7.15,-6.53,0,3.175,2.687501"
    },
    "c27a5f60-a199-4111-a546-943ff006db98": {
      "type": "CAT",
      "transform": "-5.120946,0.5859788,0,1.4,1.4"
    },
    "9e957013-04a5-4b15-8aae-fc5f4f94891a": {
      "type": "WALL",
      "transform": "9,4.33,0,0.1,2.97469"
    },
    "camera": {
      "size": "7.89",
      "z": "-10",
      "type": "CAMERA",
      "transform": "1.079727,0.9237468,0,1,1"
    },
    "102ed167-2523-49ff-851e-777ad9c889fc": {
      "Combo": "777",
      "IsOpen": "False",
      "type": "DOOR",
      "transform": "-0.05537164,-4.88,0,1,1"
    },
    "bb1d3200-3010-4133-a035-94971ca355e8": {
      "type": "WALL",
      "transform": "1.06,8.16,90,0.1,6.137188"
    },
    "8d7d46d9-e8db-4a9b-b925-f30e836148ff": {
      "type": "ENTRANCE",
      "transform": "-6.781035,1.62319,0,0.1,1.275"
    },
    "0c4469dd-f4d8-445f-8cff-f71d886141e0": {
      "type": "MIRROR",
      "transform": "-0.59,-6.08,90,0.15,4.8125"
    },
    "30cc5fa5-d305-4462-b1c6-82eb3cd1403b": {
      "type": "WINDOW",
      "transform": "-0.03,0.82,0,0.1,2.807089"
    },
    "ea2b0f59-b5e4-4ccb-b971-ca37ec5bb172": {
      "type": "MIRROR",
      "transform": "-6.757126,-2.87,0,0.15,2.5125"
    },
    "1777": {
      "Combo": "777",
      "Uses": "1",
      "type": "KEY",
      "transform": "-5.717266,-5.239787,0,1,1"
    },
    "f7435ab7-b762-4038-a4e8-4578febc2377": {
      "type": "GUARD",
      "transform": "-6.083835,-1.626462,0,0.3,0.3"
    },
    "eb5d04e6-2607-47ae-834a-5753b56152ad": {
      "type": "WINDOW",
      "transform": "9,-1.96,0,0.1,1.883139"
    },
    "741256f7-5478-4e80-93e2-30729b6661ba": {
      "type": "WALL",
      "transform": "-6.757126,5.64,0,0.1,1.965625"
    }
  },
  "Name": "level7"
}