{
  "Contents": {
    "f0f4f89f-d96e-468e-8711-5f09cdbfaf8a": {
      "type": "CAT",
      "transform": "200,20,0,1.2,1.2"
    },
    "8e2727c9-2461-4051-aab6-436407b8fbe6": {
      "type": "END_SCREEN",
      "transform": "0,0,0,1.5,1.5"
    },
    "camera": {
      "size": "7.89",
      "z": "-1",
      "type": "CAMERA",
      "transform": "0,0,0,1,1"
    },
    "player": {
      "Inventory": "",
      "type": "PLAYER",
      "transform": "200,20,0,1.4,1.4"
    }
  },
  "Name": "game_end"
}