{
  "Contents": {
    "0bb88449-73af-4093-9c9d-a85721e5d4df": {
      "type": "MIRROR",
      "transform": "-2.8,18.5,150,0.15,4.039776"
    },
    "69014452-4bdf-462f-93d2-a0117549fa8d": {
      "type": "WINDOW",
      "transform": "7.01,18.79,45,0.1,3.7"
    },
    "1777": {
      "Combo": "777",
      "Uses": "1",
      "type": "KEY",
      "transform": "9.544772,-4.409487,0,1,1"
    },
    "b67493df-4689-4180-bf41-b3387cc59a2c": {
      "type": "GUARD",
      "transform": "-3.3,14.26,0,0.3,0.3"
    },
    "c57307da-a275-4cd2-82c6-60de66fa2f53": {
      "type": "WINDOW",
      "transform": "6.24,9.11,0,0.1,2.867502"
    },
    "76614205-3f93-4bf7-991f-0226f9c86fbf": {
      "childID": "1777",
      "type": "BUTTON",
      "transform": "0.87,14.25,0,1,1"
    },
    "b300fe71-4f1d-4c8d-b261-071ff37a0f83": {
      "Level": "level2_Redo",
      "type": "EXIT",
      "transform": "1.17,21.94,90,1,2.687501"
    },
    "67f0e60f-efd7-4033-81cb-9bec7318cabb": {
      "type": "WINDOW",
      "transform": "0.49,5.35,90,0.1,4.486248"
    },
    "a8e5832b-e99e-481f-9e16-fb54545344f3": {
      "type": "WINDOW",
      "transform": "2.21,0.97,90,0.1,1.156251"
    },
    "1adb4597-f9ec-4662-8af1-d0344aa8ce80": {
      "type": "WINDOW",
      "transform": "-8.89,19.1,90,0.1,2.867501"
    },
    "c7c9093e-0d8b-4e5f-ab29-17510a12b799": {
      "type": "WALL",
      "transform": "-5.66,17.1,0,0.1,1.324999"
    },
    "6978d265-a3ab-442d-a3b4-5e484254d30b": {
      "type": "MIRROR",
      "transform": "-12.19,18.1,320,0.15,1.5"
    },
    "931ab50f-7500-4bbe-a9e3-d43be34e0626": {
      "type": "MIRROR",
      "transform": "-14.04,-3.18,45,0.15,1.5"
    },
    "01d4dce0-c473-4ac8-8f6c-a78e45404701": {
      "childID": "931ab50f-7500-4bbe-a9e3-d43be34e0626",
      "type": "BUTTON",
      "transform": "-15.65346,4.65558,0,1,1"
    },
    "ead5ee3f-bb67-42b5-8d06-a57ba0077bd1": {
      "type": "MIRROR",
      "transform": "-4.89,10.91,0,0.15,8.623102"
    },
    "2ff6abb8-f834-475b-9e90-1252d404d94f": {
      "type": "WINDOW",
      "transform": "-16.88,11.49,0,0.1,4.347498"
    },
    "1ec8c723-5327-4a19-8f43-ec1204239774": {
      "type": "WALL",
      "transform": "-14.88,17.26,90,0.1,1.469999"
    },
    "4c61b656-f0f4-4c31-8504-8d866501d855": {
      "type": "MIRROR",
      "transform": "4.64,16.75,90,0.15,8.623102"
    },
    "1d713979-6619-4006-b263-992cfb0b33b2": {
      "type": "MIRROR",
      "transform": "-10.65,7.53,0,0.15,8.623102"
    },
    "9d3a1d7b-7f82-495f-8719-d183e894c6b1": {
      "type": "WALL",
      "transform": "-15.12,-7.71,90,0.1,1.15"
    },
    "6a9b3ed2-d906-4bef-8ed0-719040d02388": {
      "type": "WINDOW",
      "transform": "-16.89,-2.18,0,0.1,4.1625"
    },
    "1b5efa53-bff6-47ce-ba45-7bebca2440b4": {
      "type": "MIRROR",
      "transform": "-10.89,-7.71,90,0.15,3.179998"
    },
    "97aa06ff-da2a-4f92-95ed-f09e849e47a2": {
      "type": "WINDOW",
      "transform": "-8.68,-4.57,90,0.1,1.156255"
    },
    "camera": {
      "size": "16.3882",
      "z": "-10",
      "type": "CAMERA",
      "transform": "-2.9,6.88,0,1,1"
    },
    "34d773ee-9774-4d93-98fb-53a97287e09a": {
      "type": "MIRROR",
      "transform": "-3.68,0.82,90,0.15,5.879996"
    },
    "3c751b31-8406-4a30-b951-3cf8dde31e83": {
      "type": "MIRROR",
      "transform": "-3.44,-7.71,90,0.15,3.179998"
    },
    "ea24d034-c9c5-44b2-ad21-78835e35fe9b": {
      "type": "WALL",
      "transform": "-16.88,4.58,0,0.1,1"
    },
    "b31c977c-d0f8-4c16-b419-59c11f69c566": {
      "type": "WALL",
      "transform": "-7.21,-7.63,90,0.1,1"
    },
    "0716bb2a-069b-48a4-92d5-514c747b8581": {
      "type": "WALL",
      "transform": "-9.36,0.89,90,0.1,1"
    },
    "b6e82485-cd69-4178-81b4-57302d8e64c5": {
      "type": "WALL",
      "transform": "-13.28,-6.34,0,0.1,1"
    },
    "c910d8a8-db1c-48d8-ada0-da1c39d4c7c2": {
      "type": "MIRROR",
      "transform": "11.48,10.6,0,0.15,8.623102"
    },
    "b88a2c3c-6604-4200-a4e1-488970d586b8": {
      "type": "GUARD",
      "transform": "-15.68,-3.138984,0,0.3,0.3"
    },
    "09e1f888-5754-42d0-8e57-6f84f446bcfb": {
      "Combo": "777",
      "IsOpen": "False",
      "type": "DOOR",
      "transform": "9.12,4.04,90,1,1"
    },
    "91c884d5-d643-4de9-91d5-62caadd6b902": {
      "rendx": "1.3",
      "rendy": "5",
      "childTrans": "6.6,2.51,0,1,5",
      "type": "IRON_BARS",
      "transform": "6.6,2.51,0,0.7,0.7"
    },
    "efe4796c-e860-486d-b281-19e08c4b85d3": {
      "type": "WINDOW",
      "transform": "5.13,0.97,90,0.1,1.156251"
    },
    "d10d777a-643a-4f31-8a4b-3d782c8b40aa": {
      "type": "GUARD",
      "transform": "5.53,-0.31,0,0.3,0.3"
    },
    "852549c3-495c-44ac-9258-1e90a5adcb10": {
      "type": "WALL",
      "transform": "1.079378,-0.32,0,0.1,1"
    },
    "ba1fbf6c-1b5f-445c-bbe9-c437dc98c861": {
      "type": "WINDOW",
      "transform": "1.08,-3.14,0,0.1,1.156251"
    },
    "a04ef369-d665-4f38-9443-4f09ea229bf7": {
      "type": "WALL",
      "transform": "1.079378,-5.962811,0,0.1,1"
    },
    "player": {
      "Inventory": "",
      "type": "PLAYER",
      "transform": "2.31,-5.84,0,1.4,1.4"
    },
    "cc961ce7-2ba2-4577-b61b-f72da550c4af": {
      "type": "CAT",
      "transform": "-0.27,-5.96,0,1.4,1.4"
    },
    "1f6c5645-cc8f-4a55-ab37-a4f008d01081": {
      "type": "TOY_BALL",
      "transform": "-3.524687,-6.515299,0,1,1"
    },
    "77d9a065-5241-4d26-a94f-8dc9a89a9e1f": {
      "childID": "a04ef369-d665-4f38-9443-4f09ea229bf7",
      "type": "BUTTON",
      "transform": "-1.867224,-6.515299,0,1,1"
    },
    "11684bc4-b0fa-43e5-b4e2-de231860f3b0": {
      "type": "ENTRANCE",
      "transform": "1.14,-7.5,90,0.1,1"
    },
    "6687ece0-3e08-44e3-9999-a2375c1c1569": {
      "type": "WALL",
      "transform": "11.51,-1.72,0,0.1,4.335159"
    },
    "5cbc868d-f363-40c8-b64e-86ed8d5c887d": {
      "type": "WALL",
      "transform": "6.11,-7.25,90,0.1,2.237501"
    }
  },
  "Name": "level9"
}