{
  "Contents": {
    "1777": {
      "Combo": "777",
      "Uses": "1",
      "type": "KEY",
      "transform": "8,4.5,0,1,1"
    },
    "43770b6a-a3e8-411b-8806-70cf30d477e3": {
      "type": "SOFA_SIDE",
      "transform": "4.69,-0.66,0,2,2"
    },
    "1bae17fc-0704-4ed1-800b-16017cace487": {
      "Combo": "777",
      "IsOpen": "False",
      "type": "DOOR",
      "transform": "-9.3,-2,90,1,1"
    },
    "28fc510e-2b59-4746-ab64-d78c55ef98d0": {
      "type": "BOOKSHELF",
      "transform": "-3.01,1.66,180,0.8,0.6"
    },
    "c3f56e5f-e583-422e-80ea-2fe07d6b9560": {
      "type": "ENTRANCE",
      "transform": "-9.4,-6,90,0.1,1"
    },
    "b5bb9ae2-7498-4a93-a0cd-c7a2bf47751a": {
      "type": "BLACKBOX",
      "transform": "0.46,-11.26,0,3,1"
    },
    "bf2aa55e-4175-400b-8e2d-966bd098285a": {
      "Level": "level3_Redo",
      "type": "EXIT",
      "transform": "12,3.8,0,1,2.4"
    },
    "00494401-09cc-408e-97c5-05b87141ab0f": {
      "type": "MIRROR",
      "transform": "10.5,-4.5,320,0.15,1.5"
    },
    "c1ce955f-9069-4bd6-930e-ba88208c297c": {
      "rendx": "4",
      "rendy": "64",
      "childTrans": "-12,0,0,4,64",
      "type": "TILE_WALL",
      "transform": "-12,0,0,0.2,0.2"
    },
    "camera": {
      "size": "7.89",
      "z": "-10",
      "type": "CAMERA",
      "transform": "0,0,0,1,1"
    },
    "f659ae25-bf0f-420e-a067-5c1cf1ad5544": {
      "rendx": "35",
      "rendy": "1",
      "childTrans": "0,-6.4,0,35,1",
      "type": "IRON_BARS",
      "transform": "0,-6.4,0,0.7,0.7"
    },
    "96e1a6ba-368b-4083-941d-74e561b39d2e": {
      "type": "BLACKBOX",
      "transform": "21.94,-1.01,0,2,2"
    },
    "40cc1b0b-e63a-476f-9317-75349b516ad2": {
      "type": "BOOKSHELF",
      "transform": "-5.16,1.66,180,0.8,0.6"
    },
    "042e3099-3399-44cb-b4f0-a4f5cd145cff": {
      "type": "BLACKBOX",
      "transform": "-21.89,-0.55,0,2,2"
    },
    "player": {
      "Inventory": "",
      "type": "PLAYER",
      "transform": "-10.1,-4.46,0,1.4,1.4"
    },
    "0e75d6bf-1f70-45cf-adb8-2e3a3f0e6e4a": {
      "type": "BLACKBOX",
      "transform": "-0.11,10.96,0,3,1"
    },
    "3c6afe0a-21b5-4445-aef6-c85cdc378d60": {
      "rendx": "1.3",
      "rendy": "6.4",
      "childTrans": "-6.852776,-3.994452,0,1,6",
      "type": "IRON_BARS",
      "transform": "-6.852776,-3.994452,0,0.7,0.7"
    },
    "49756fff-d57b-49c6-aab5-8975082f49ce": {
      "rendx": "36",
      "rendy": "16",
      "childTrans": "-3,-0.37,0,35,16",
      "type": "TILE_WALL",
      "transform": "-3,-0.37,0,0.2,0.2"
    },
    "134c4b5e-482b-4e67-8daa-b5f0391c176e": {
      "type": "CAT",
      "transform": "-9,-5,0,1.2,1.2"
    },
    "0d5d71d0-40e4-4d40-ba59-5dda46d0bc69": {
      "rendx": "124",
      "rendy": "4",
      "childTrans": "0,6,0,124,4",
      "type": "TILE_WALL",
      "transform": "0,6,0,0.2,0.2"
    },
    "9526a40d-eee7-4d09-b44e-04ec3182aab3": {
      "rendx": "1.3",
      "rendy": "18",
      "childTrans": "12,0,0,1,18",
      "type": "IRON_BARS",
      "transform": "12,0,0,0.7,0.7"
    },
    "4ce7a790-77ad-4f3b-91dc-a4eace7686d6": {
      "type": "FLOOR",
      "transform": "-3.864226,-2.671306,0,0.6,0.6"
    },
    "f4b86a5e-59cb-4599-8634-c57362f06e03": {
      "type": "BOOKSHELF",
      "transform": "-0.8,1.66,180,0.8,0.6"
    },
    "5a0238fa-7528-4c32-aace-0a95c79e414e": {
      "type": "BOOKSHELF",
      "transform": "0.75,-0.37,90,0.8,0.6"
    }
  },
  "Name": "level2_Redo"
}