{
  "Contents": {
    "1f6c5645-cc8f-4a55-ab37-a4f008d01081": {
      "type": "TOY_BALL",
      "transform": "-11.84487,8.086202,0,1,1"
    },
    "b6f5af40-32ba-4716-af0c-75d9c942af02": {
      "type": "GUARD",
      "transform": "-6.76,-5.56,90,0.3,0.3"
    },
    "8bb5edb8-d454-4bde-afc6-05dda09eff23": {
      "type": "CAT",
      "transform": "-1.879706,-3.541097,0,1.4,1.4"
    },
    "1777": {
      "Combo": "777",
      "Uses": "1",
      "type": "KEY",
      "transform": "-12.06795,-5.393505,0,1,1"
    },
    "9e907771-cb2e-45fc-88a0-ab35367b5bf1": {
      "type": "WALL",
      "transform": "4.65,6.9,90,0.1,4.2375"
    },
    "25986e07-a496-4398-9215-a9d88be20524": {
      "Level": "level9",
      "type": "EXIT",
      "transform": "13.32,5.489222,0,1,2.612502"
    },
    "fc406a82-0325-4700-88c0-455467659afa": {
      "type": "WINDOW",
      "transform": "-6.82,9.07,90,0.1,4.810621"
    },
    "8e91385b-9d5c-4618-8bea-13a57f732340": {
      "type": "BARS",
      "transform": "-3.32,6.9,90,0.1,2.012499"
    },
    "111eff6a-d472-4636-af3e-d8e1b7ef5472": {
      "type": "MIRROR",
      "transform": "10.11,0.83,0,0.1,2.7"
    },
    "e6081773-38a9-4cf6-ad15-4defb0491247": {
      "type": "WALL",
      "transform": "9.821809,0.83,0,0.1,2.7"
    },
    "c4fe871c-23da-4ddc-a252-ae6b5fd11267": {
      "type": "ENTRANCE",
      "transform": "-1.84,-6.34,90,0.1,1"
    },
    "48157e1b-a5b1-4944-bc38-a238f7658ebe": {
      "type": "WALL",
      "transform": "5.89,9.07,90,0.1,5.173435"
    },
    "864e9d3b-d2eb-46ea-91fd-466f8caaf64a": {
      "Combo": "778",
      "IsOpen": "False",
      "type": "DOOR",
      "transform": "-3.22,5.57,0,1,1"
    },
    "944dec0a-b7a6-4fe2-b622-d37c42ab4612": {
      "type": "MIRROR",
      "transform": "3.524753,0.83,0,0.1,2.7"
    },
    "ae734049-d62f-43b9-9cc5-2c6935e0af05": {
      "type": "WINDOW",
      "transform": "-8.09,-6.29,90,0.1,3.782626"
    },
    "63a63bb0-08e4-4b53-8136-221c3f8e302d": {
      "type": "WALL",
      "transform": "12.58214,-1.06,0,0.1,4.136347"
    },
    "0c184d5b-7fd3-4151-9752-8d8b39fe2949": {
      "type": "MIRROR",
      "transform": "-9.39,6.9,90,0.1,2.750836"
    },
    "4bc2e559-b20c-4c8d-b782-4683477e2ef2": {
      "type": "WALL",
      "transform": "5.953777,-6.29,90,0.1,5.1875"
    },
    "e4ad3268-84b3-4c59-a159-2b9113cb7c53": {
      "type": "GUARD",
      "transform": "11.66858,3.557872,270,0.3,0.3"
    },
    "a1a19878-1cd3-40c0-b752-18ee646ba801": {
      "type": "WALL",
      "transform": "-3.227114,-0.94,0,0.1,4.114686"
    },
    "camera": {
      "size": "7.89",
      "z": "-10",
      "type": "CAMERA",
      "transform": "0.1337187,1.4,0,1,1"
    },
    "1778": {
      "Combo": "778",
      "Uses": "1",
      "type": "KEY",
      "transform": "11.55025,-5.239138,0,1,1"
    },
    "3d889783-b15c-401c-a4b7-51bc3a6be47d": {
      "Combo": "777",
      "IsOpen": "False",
      "type": "DOOR",
      "transform": "12.57937,5.52,0,1,1"
    },
    "444b8ffb-e653-45ff-acb2-397479cc6955": {
      "type": "GUARD",
      "transform": "1.666483,-5.658722,90,0.3,0.3"
    },
    "0f1bce47-0dd1-4974-8a6f-9c671bd09552": {
      "type": "GUARD",
      "transform": "6.903185,-5.66,90,0.3,0.3"
    },
    "9e85465d-44ee-488e-9355-a0991ac352af": {
      "type": "WALL",
      "transform": "12.58,7.99,0,0.1,0.9499999"
    },
    "5964b79b-190f-4f3e-b672-9e699da615c1": {
      "type": "WALL",
      "transform": "3.236563,0.83,0,0.1,2.7"
    },
    "player": {
      "Inventory": "",
      "type": "PLAYER",
      "transform": "-1.83,-4.933018,0,1.4,1.4"
    },
    "073f5e7e-c8ff-47d4-93ae-b0ce585627c8": {
      "type": "BARS",
      "transform": "11.34,6.904429,90,0.1,1"
    },
    "4cf9d6ae-c3a4-4198-bbff-e244ad787f0c": {
      "type": "WINDOW",
      "transform": "-12.89124,1.45,0,0.1,5.977414"
    }
  },
  "Name": "level8"
}