{
  "Contents": {
    "576d61c1-5075-4c13-925a-e78f70cb6d3a": {
      "type": "BLACKBOX",
      "transform": "0.1,-12.3,0,3,1"
    },
    "c6e9723b-739c-492e-bb2b-e60a604e7419": {
      "type": "ENTRANCE",
      "transform": "-8.074194,0.13,0,0.09,0.9"
    },
    "e9152745-36b3-4e51-b0e4-af11b55de782": {
      "rendx": "4",
      "rendy": "90",
      "childTrans": "0.18,6.83,90,4,88",
      "type": "TILE_WALL",
      "transform": "0.18,6.83,90,0.2,0.2"
    },
    "25d9662d-3842-43fc-b3db-8a65c280833a": {
      "type": "FLOOR",
      "transform": "-3.417848,2.6,0,0.6,0.6"
    },
    "909c819e-a328-4b40-b033-5a6e0db30fcd": {
      "type": "BLACKBOX",
      "transform": "0.1,11.7,0,3,1"
    },
    "3fbaa980-c19e-45e2-aa3e-c9ba6ded3122": {
      "Combo": "777",
      "IsOpen": "False",
      "type": "DOOR",
      "transform": "5,-4.75,0,1,1"
    },
    "68d7c808-9d8e-4e8c-9035-96e2dce57178": {
      "type": "MIRROR",
      "transform": "5.29,6,90,0.15,1.2"
    },
    "97cbcf76-cc77-40dd-8681-03b26aad98cc": {
      "type": "MIRROR",
      "transform": "8.21,2.01,0,0.15,1.2"
    },
    "d8c621d0-4d69-458c-87f9-36bb5e5fd51f": {
      "type": "MIRROR",
      "transform": "8.21,3.69,0,0.15,1.2"
    },
    "69ebcb22-48b8-49f1-9870-c6c0c640d54c": {
      "type": "CAT",
      "transform": "-5.93,0.05,0,1.2,1.2"
    },
    "46bed89a-e15d-4111-b530-9d71dfcfb4e6": {
      "type": "BOOKSHELF",
      "transform": "-3.55,6.36,0,0.8,0.6"
    },
    "62900a99-0c6b-4749-a902-a1254c281c01": {
      "Level": "level5_Redo",
      "type": "EXIT",
      "transform": "8.55,-4.6,0,1,2.712498"
    },
    "c1ee99ee-584c-40a4-bd9c-aa7c2ea61e37": {
      "type": "BLACKBOX",
      "transform": "-18.51,-0.7,0,2,2"
    },
    "4fed561e-7408-47b6-90f1-5cd2070c2c94": {
      "rendx": "4",
      "rendy": "68",
      "childTrans": "-8.39,0.03,0,4,68",
      "type": "TILE_WALL",
      "transform": "-8.39,0.03,0,0.2,0.2"
    },
    "8ac6970a-861b-4031-b363-f4b27420a08d": {
      "rendx": "4",
      "rendy": "64",
      "childTrans": "8.79,0.03,0,4,64",
      "type": "TILE_WALL",
      "transform": "8.79,0.03,0,0.2,0.2"
    },
    "camera": {
      "size": "7.89",
      "z": "-10",
      "type": "CAMERA",
      "transform": "0.06,0.24,0,1,1"
    },
    "462c5414-cfdb-4bbd-89a4-a86b9eccb1ea": {
      "rendx": "4",
      "rendy": "88",
      "childTrans": "0.01,-7.03,90,4,88",
      "type": "TILE_WALL",
      "transform": "0.01,-7.03,90,0.2,0.2"
    },
    "94de68c2-2418-41e0-a1e7-07c5a1fe6be1": {
      "type": "BLACKBOX",
      "transform": "18.8,-0.7,0,2,2"
    },
    "1f6c5645-cc8f-4a55-ab37-a4f008d01081": {
      "type": "TOY_BALL",
      "transform": "0.28,1.34,0,1,1"
    },
    "25f5050d-3962-4985-9a1b-17f56571d1c9": {
      "type": "MIRROR",
      "transform": "7.43,-1.39,300,0.15,1.2"
    },
    "0e9eecda-756c-4326-b431-630b9ab8c149": {
      "type": "MIRROR",
      "transform": "5.49,-1.87,270,0.15,1.2"
    },
    "21abd545-272d-4314-be04-dc08cd688b6d": {
      "type": "MIRROR",
      "transform": "7.16,5.55,60,0.15,1.2"
    },
    "f75ad8e7-5314-4f6c-8914-5a75ad072c0e": {
      "type": "BOOKSHELF",
      "transform": "-1.28,6.36,0,0.8,0.6"
    },
    "1777": {
      "Combo": "777",
      "Uses": "1",
      "type": "KEY",
      "transform": "6.24,4.37,0,1,1"
    },
    "ae01c6dd-1423-42ed-91df-7a9333d67b31": {
      "rendx": "1.3",
      "rendy": "13",
      "childTrans": "-4.97,2.26,0,1,13",
      "type": "IRON_BARS",
      "transform": "-4.97,2.26,0,0.7,0.7"
    },
    "11ead88b-4211-4f07-af6f-8dac48a565d5": {
      "type": "BOOKSHELF",
      "transform": "3.27,6.36,0,0.8,0.6"
    },
    "7091cdcc-e7d7-407e-9201-bc2f4cfeffb3": {
      "type": "TABLE",
      "transform": "1.81,1.79,320,0.8,0.8"
    },
    "82d5157e-4f27-4c6b-a764-4a32c46c858b": {
      "type": "MIRROR",
      "transform": "8.21,0.24,0,0.15,1.2"
    },
    "b23af094-2ca9-47bc-8f57-8ad8d2816427": {
      "type": "BOOKSHELF",
      "transform": "1,6.36,0,0.8,0.6"
    },
    "9da89e1a-eacc-42b1-92a1-c3bb95ee8b8f": {
      "rendx": "4",
      "rendy": "70",
      "childTrans": "1.67,-2.37,90,4,70",
      "type": "TILE_WALL",
      "transform": "1.67,-2.37,90,0.2,0.2"
    },
    "player": {
      "Inventory": "",
      "type": "PLAYER",
      "transform": "-7.04,0.7,0,1.4,1.4"
    }
  },
  "Name": "level4_Redo"
}