{
  "Contents": {
    "a514d73f-95dc-4dcc-8555-c5f0ff60b1f9": {
      "type": "SOFA_SIDE2",
      "transform": "3.12783,-0.1221172,0,2,2"
    },
    "1777": {
      "Combo": "777",
      "Uses": "1",
      "type": "KEY",
      "transform": "9.5,4.5,0,1,1"
    },
    "c5c43d01-c7ca-4fde-b96b-39086df91d0d": {
      "type": "BOOKSHELF",
      "transform": "-11.62,4.14,90,0.8,0.6"
    },
    "2ff99a42-b17d-42de-aa45-b40e6bdc6517": {
      "type": "BLACKBOX",
      "transform": "0.03,11.21,0,3,1"
    },
    "9103dda5-aeeb-41aa-8024-8a4981c381f3": {
      "type": "BLACKBOX",
      "transform": "-0.31,-10.95,0,3,1"
    },
    "61a96578-ef2f-4d1d-8542-a072801cece4": {
      "type": "BOOKSHELF",
      "transform": "-11.62,-4.04,90,0.8,0.6"
    },
    "c86c70e7-62a0-43fe-a199-e44fcedc1c4d": {
      "type": "LASER_POINTER",
      "transform": "-5.56,-0.45,0,1,1"
    },
    "d80b4feb-a5fa-49c0-be35-6b74ff323bb0": {
      "Combo": "777",
      "IsOpen": "False",
      "type": "DOOR",
      "transform": "-2,0,0,1,1"
    },
    "player": {
      "Inventory": "",
      "type": "PLAYER",
      "transform": "-9.92,-0.28,0,1.4,1.4"
    },
    "d9074807-65f8-4022-80d9-6beb6133acc8": {
      "Level": "level2_Redo",
      "type": "EXIT",
      "transform": "11.75,0.04,0,1,2.687501"
    },
    "dcf19108-3a89-4ee3-8494-eeab99dd3636": {
      "type": "BLACKBOX",
      "transform": "21.91,-0.49,0,2,2"
    },
    "7f451da0-e77f-4873-9d90-562fc30f6911": {
      "rendx": "124",
      "rendy": "4",
      "childTrans": "0,6,0,124,4",
      "type": "TILE_WALL",
      "transform": "0,6,0,0.2,0.2"
    },
    "d08f7111-4c7e-42fe-9420-6b5b95d850fb": {
      "rendx": "124",
      "rendy": "4",
      "childTrans": "0,-6,0,124,4",
      "type": "TILE_WALL",
      "transform": "0,-6,0,0.2,0.2"
    },
    "f4cd7f8c-2531-4d22-9604-a58816896d04": {
      "rendx": "1.3",
      "rendy": "5",
      "childTrans": "-1.85,4,0,1,5",
      "type": "IRON_BARS",
      "transform": "-1.85,4,0,0.7,0.7"
    },
    "camera": {
      "size": "7.89",
      "z": "-10",
      "type": "CAMERA",
      "transform": "0,0,0,1,1"
    },
    "69b0ecf0-a1e4-4abb-a269-c94144d5edef": {
      "type": "CAT",
      "transform": "-8.4,-0.89,0,1.2,1.2"
    },
    "d75d9369-4674-4b80-937c-00e9aa883ffc": {
      "type": "BLACKBOX",
      "transform": "-22.01,-0.65,0,2,2"
    },
    "a17f0d37-ce05-4f7e-90fb-d47c56e284c8": {
      "type": "ENTRANCE",
      "transform": "-11.6,0.09427142,0,0.1,1"
    },
    "65f0dfe9-ca8b-47e4-8a23-3cba9a50ddea": {
      "rendx": "1.3",
      "rendy": "5",
      "childTrans": "-1.85,-4,0,1,5",
      "type": "IRON_BARS",
      "transform": "-1.85,-4,0,0.7,0.7"
    },
    "0133fd36-6328-4e71-a102-bd8918c5db51": {
      "rendx": "4",
      "rendy": "60",
      "childTrans": "12,0,0,4,74",
      "type": "TILE_WALL",
      "transform": "12,0,0,0.2,0.2"
    },
    "43e5975c-5794-41d6-8e0f-65d836146a64": {
      "rendx": "4",
      "rendy": "60",
      "childTrans": "-12,0,0,4,74",
      "type": "TILE_WALL",
      "transform": "-12,0,0,0.2,0.2"
    },
    "77182c44-4260-42e7-9d04-e60fb43ccfb4": {
      "type": "SOFA_SIDE",
      "transform": "7.494194,-0.1588096,0,2,2"
    },
    "1b40a44e-e301-4a7a-8827-66daee6dff23": {
      "type": "FLOOR",
      "transform": "-5.99,-4.52,0,0.6,0.6"
    }
  },
  "Name": "level1_Redo"
}