{
  "Contents": {
    "e9b61819-279d-4e2b-9ab2-1078164e06f0": {
      "Combo": "777",
      "IsOpen": "False",
      "type": "DOOR",
      "transform": "-5,-4.52,0,0.8,0.8"
    },
    "cc2001de-59ab-4173-8603-9eb5b8627d2e": {
      "rendx": "104",
      "rendy": "4",
      "childTrans": "0,6.5,0,104,4",
      "type": "TILE_WALL",
      "transform": "0,6.5,0,0.2,0.2"
    },
    "player": {
      "Inventory": "",
      "type": "PLAYER",
      "transform": "-7.97,-0.08,0,1.4,1.4"
    },
    "1bb1c726-a351-4b0d-b64a-c002eeed1805": {
      "rendx": "4",
      "rendy": "60",
      "childTrans": "-10,0,0,4,60",
      "type": "TILE_WALL",
      "transform": "-10,0,0,0.2,0.2"
    },
    "a5863e83-83a0-4752-983b-77c4c1428687": {
      "rendx": "1.4",
      "rendy": "3.6",
      "childTrans": "-2,2,90,3.6,1",
      "type": "WINDOW_TILE",
      "transform": "-2,2,0,0.8,1.1"
    },
    "910ee944-cef3-41f2-baf5-45d5e6889de3": {
      "rendx": "1.4",
      "rendy": "6.3",
      "childTrans": "5.87,0.5,270,6.2,1",
      "type": "WINDOW_TILE",
      "transform": "5.87,0.5,180,0.8,1.1"
    },
    "e35e4d10-1ed8-4db4-b9c6-2cb0b1857f4f": {
      "rendx": "104",
      "rendy": "4",
      "childTrans": "0,-6.5,0,104,4",
      "type": "TILE_WALL",
      "transform": "0,-6.5,0,0.2,0.2"
    },
    "ab4123b6-a14b-43f4-9c5e-e04d929f33b3": {
      "rendx": "1.4",
      "rendy": "4",
      "childTrans": "0.74,0.38,180,4,1",
      "type": "WINDOW_TILE",
      "transform": "0.74,0.38,90,0.8,1.1"
    },
    "bf9ccc9a-9bab-46bd-adee-63bb8952adb2": {
      "type": "BLACKBOX",
      "transform": "0.6,11.33,0,3,1"
    },
    "68aa4135-c164-4395-a450-d1cc440254dc": {
      "type": "BLACKBOX",
      "transform": "19.99705,-0.3967381,0,2,2"
    },
    "5304db6e-c764-4145-9e11-8195f1287c78": {
      "rendx": "1.4",
      "rendy": "9",
      "childTrans": "0.47,-2.6,180,9,1",
      "type": "WINDOW_TILE",
      "transform": "0.47,-2.6,90,0.8,1.1"
    },
    "1777": {
      "Combo": "777",
      "Uses": "1",
      "type": "KEY",
      "transform": "0,2,0,1,1"
    },
    "126d7437-0d30-4fbc-abed-72c6ff7d62e6": {
      "rendx": "1.4",
      "rendy": "8.8",
      "childTrans": "-5,2,90,8.8,1",
      "type": "WINDOW_TILE",
      "transform": "-5,2,0,0.8,1.1"
    },
    "87d6f894-29b0-41af-b94c-10fcacec45b9": {
      "rendx": "4",
      "rendy": "60",
      "childTrans": "10,0,0,4,60",
      "type": "TILE_WALL",
      "transform": "10,0,0,0.2,0.2"
    },
    "72fb5100-caf0-42af-8570-a3c9fb10e6fa": {
      "type": "CAT",
      "transform": "-6.9,-0.5,0,1.2,1.2"
    },
    "58600f12-9126-4ce2-975a-16508b73b39e": {
      "type": "BLACKBOX",
      "transform": "1.21,-11.44,0,3,1"
    },
    "e44a9052-1485-4a53-97cc-678792337a2f": {
      "type": "BLACKBOX",
      "transform": "-20.09457,-0.4733944,0,2,2"
    },
    "camera": {
      "size": "7.89",
      "z": "-10",
      "type": "CAMERA",
      "transform": "0.6345472,0.08903283,0,1,1"
    },
    "cfbd5dfe-7b6e-4d40-9659-ba213d6629b5": {
      "type": "ENTRANCE",
      "transform": "-9.5,0.1690751,0,0.1,1"
    },
    "102c8c9d-bf61-4b97-853a-de7d471e0cce": {
      "type": "FLOOR",
      "transform": "0.02516413,-3.703782,0,0.6,0.6"
    },
    "5d3b0dd3-5e37-4d04-b802-73b24364e76c": {
      "Level": "level4_Redo",
      "type": "EXIT",
      "transform": "9.75,0.07,0,1,3"
    },
    "c4e21e99-1f67-499c-9286-c2e208803265": {
      "rendx": "1.4",
      "rendy": "6.4",
      "childTrans": "2,3.5,180,6,1",
      "type": "WINDOW_TILE",
      "transform": "2,3.5,90,0.8,1.1"
    },
    "6c97dde1-d294-4937-a4c1-ee7b51c6256d": {
      "rendx": "1.4",
      "rendy": "1",
      "childTrans": "3.04,0.57,90,1,1",
      "type": "WINDOW_TILE",
      "transform": "3.04,0.57,0,0.8,1.1"
    }
  },
  "Name": "level3_Redo"
}