{
  "Contents": {
    "4cb2a56c-9599-47be-9a2a-84e62aa225bf": {
      "type": "WINDOW",
      "transform": "-1.05,5.642165,90,0.1,6.61375"
    },
    "967dcce3-59d5-4053-b44e-6ef92acb1c9b": {
      "Level": "level6",
      "type": "EXIT",
      "transform": "8.76,5.88,0,3.275004,2.687501"
    },
    "c25708f6-5530-4a2c-a161-bce437469806": {
      "type": "WALL",
      "transform": "0.5,-5,90,0.1,7.8"
    },
    "187c2261-7202-4498-8a02-f2ab608a9dd7": {
      "type": "GUARD",
      "transform": "-3.31,-4.35,90,0.3,0.3"
    },
    "938368b3-8d9d-4153-ac36-003028a71a8f": {
      "type": "CAT",
      "transform": "-7,-3.6,0,1.4,1.4"
    },
    "f31284ea-48a8-4523-8671-7f2f5b0e20b8": {
      "type": "ENTRANCE",
      "transform": "-9.557464,-3.824344,0,0.1,1"
    },
    "player": {
      "Inventory": "",
      "type": "PLAYER",
      "transform": "-8.29,-3.593019,0,1.4,1.4"
    },
    "camera": {
      "size": "7.89",
      "z": "-10",
      "type": "CAMERA",
      "transform": "0.6901948,0.1446812,0,1,1"
    },
    "50721b0d-9371-4387-8a5f-59aef24de8f6": {
      "type": "WALL",
      "transform": "0.5,0,0,0.1,2"
    },
    "eda822b7-0f56-4d39-b647-24d03a4bf482": {
      "type": "GUARD",
      "transform": "5.541642,-4.349547,90,0.3,0.3"
    },
    "d050b402-bcad-4832-8f07-8a1ea5acd8a9": {
      "type": "GUARD",
      "transform": "-8.96,4.6,0,0.3,0.3"
    },
    "3bc0e0b0-9665-4824-af01-d0df8327ddb7": {
      "type": "WALL",
      "transform": "-9.5,1.5,0,0.1,3.1"
    },
    "fa860344-01fd-4db1-805c-2eb3e96633d7": {
      "type": "WALL",
      "transform": "10.5,0.2,0,0.1,4.1"
    }
  },
  "Name": "level5"
}