{
  "Contents": {
    "b21056c7-553b-4433-adf5-8125e05354f2": {
      "type": "MIRROR",
      "transform": "8.1,4.99,45,0.1,1"
    },
    "de715740-e657-46de-91f5-464f7d654b44": {
      "childID": "b21056c7-553b-4433-adf5-8125e05354f2",
      "type": "BUTTON",
      "transform": "5.22,-0.5,0,1,1"
    },
    "4f5352e1-e5ab-44b4-a5ae-e0d0121a44d5": {
      "type": "WALL",
      "transform": "0.03,5.81,90,0.1,7.048122"
    },
    "aa3566e0-e4b2-4e01-8e4e-04c16966e214": {
      "type": "WALL",
      "transform": "-8.936224,-1.0182,0,0.1,3.137501"
    },
    "55f2e911-5424-446d-86f5-b12456931cac": {
      "type": "WALL",
      "transform": "1.88,0.01,0,0.1,2.415351"
    },
    "1777": {
      "Combo": "777",
      "Uses": "1",
      "type": "KEY",
      "transform": "7.879836,-4.01961,0,1,1"
    },
    "3879464c-e62e-42a3-97e4-83421cbe5a83": {
      "Level": "level7",
      "type": "EXIT",
      "transform": "9.204273,0.53,0,1,2.55"
    },
    "520596ae-9ac8-45e5-95cd-1529995ee0b0": {
      "type": "WALL",
      "transform": "-5.441444,-2.33,0,0.1,2.098437"
    },
    "c285aa7e-4ab8-409c-a5c2-6a4263e09d1b": {
      "Combo": "777",
      "IsOpen": "False",
      "type": "DOOR",
      "transform": "-3.221231,1.613152,0,1,1"
    },
    "4618b091-100e-4137-8a72-534e1478a04d": {
      "type": "WALL",
      "transform": "8.91,-3.03,0,0.1,1.511875"
    },
    "b32f9d74-ed71-4879-b4c5-58a89b4818d9": {
      "type": "BARS",
      "transform": "-6.02,0.42,90,0.1,2.2525"
    },
    "d5a86f58-d42a-493d-90d7-aca2139cd6a6": {
      "type": "CAT",
      "transform": "-6.181515,4.655666,0,1,1"
    },
    "ebd3d2b2-fd62-4f04-a3e5-64c75a09b61f": {
      "type": "WINDOW",
      "transform": "1.87,4.367862,0,0.1,1.1"
    },
    "player": {
      "Inventory": "",
      "type": "PLAYER",
      "transform": "-7.73,4.55,0,1,1"
    },
    "4ba1b7cc-3aab-4f38-b1db-c14ec6cdf4c9": {
      "type": "WALL",
      "transform": "-0.02,-5.01,90,0.1,7.014374"
    },
    "67b42de4-b503-4057-8dd7-1dc46af6a719": {
      "type": "WALL",
      "transform": "8.948826,3.87,0,0.1,1.4875"
    },
    "camera": {
      "size": "7.89",
      "z": "-10",
      "type": "CAMERA",
      "transform": "0.5788996,0.14,0,1,1"
    },
    "76bbf6e6-729f-41a1-a8ab-cd03836eee25": {
      "type": "BARS",
      "transform": "-3.221231,4.33,0,0.1,1.215757"
    },
    "920a6248-580b-4e71-9063-ec7be3edfd16": {
      "type": "ENTRANCE",
      "transform": "-8.999382,4.44,0,0.1,1.1625"
    }
  },
  "Name": "level6"
}