{
  "Contents": {
    "27532270-b360-4faf-91de-712a23aeedfc": {
      "type": "WINDOW",
      "transform": "-1.6,1.2,0,0.1,1.9"
    },
    "fdd3d48a-6f53-4531-a31a-e4353bbf590b": {
      "type": "WALL",
      "transform": "8,3.75,0,0.1,1.75"
    },
    "52402878-43b9-4d40-9e50-d57ea66d5e94": {
      "type": "WALL",
      "transform": "-8,3.75,0,0.1,1.75"
    },
    "40d6b44b-2f16-4135-9431-a08fe905d09c": {
      "Combo": "777",
      "IsOpen": "False",
      "type": "DOOR",
      "transform": "-4,-4.7,0,1,1"
    },
    "93d371ca-5902-4be0-80bf-983ccb00ddf1": {
      "type": "WINDOW",
      "transform": "-4,1.3,0,0.1,3.7"
    },
    "720029d6-b3a3-400c-9369-af7db3a568ab": {
      "type": "WINDOW",
      "transform": "3.1,0.1,0,0.1,1.1"
    },
    "3c728752-8ac9-4a6d-b29a-114356022f14": {
      "type": "WINDOW",
      "transform": "1.9,3.6,90,0.1,2.7"
    },
    "player": {
      "Inventory": "",
      "type": "PLAYER",
      "transform": "-6.86,1.519911,0,1,1"
    },
    "7714dd08-060d-47f7-8b2a-d7f487cbd827": {
      "type": "WINDOW",
      "transform": "0.7,-3.5,90,0.1,3.7"
    },
    "15b0fe6f-d864-43df-a70b-fa7d086215b5": {
      "type": "WALL",
      "transform": "0,6,90,0.1,6.3"
    },
    "9c2b97ba-c3f9-4bef-897c-c59acd251b84": {
      "type": "WINDOW",
      "transform": "0.7,-1.3,90,0.1,1.8"
    },
    "793f47c1-21e8-46a8-bdb4-2cdd7f3905d7": {
      "type": "WALL",
      "transform": "8,-3.75,0,0.1,1.75"
    },
    "1777": {
      "Combo": "777",
      "Uses": "1",
      "type": "KEY",
      "transform": "1.5,0,0,1,1"
    },
    "f58b5e0c-02f1-4d7d-b8e7-9f5c412075e3": {
      "type": "CAT",
      "transform": "-6.9,-0.5,0,1,1"
    },
    "camera": {
      "size": "7.89",
      "z": "-10",
      "type": "CAMERA",
      "transform": "0.6345472,0.08903283,0,1,1"
    },
    "a8d747a9-c128-4079-bf14-587812ae5990": {
      "type": "ENTRANCE",
      "transform": "-8.19,0.1690751,0,0.1,1.35"
    },
    "4acfc46a-aadc-4fcc-9b22-fc310f0b0103": {
      "type": "WINDOW",
      "transform": "1.8,1.5,90,0.1,1.1"
    },
    "b343d874-6a94-43d2-adef-268e8faf2ae5": {
      "type": "WINDOW",
      "transform": "5.4,0.1,0,0.1,2.8"
    },
    "7280541c-6dee-4fb3-b6d6-edcbcef28a38": {
      "Level": "level4",
      "type": "EXIT",
      "transform": "8.48,0.07,0,1,3.397809"
    },
    "fdd99b83-6037-4bd1-8802-ee848425ab9d": {
      "type": "WALL",
      "transform": "0,-6,90,0.1,6.3"
    },
    "3ace92a7-9836-41cd-9ac9-3d3720a50eea": {
      "type": "WALL",
      "transform": "-8,-3.75,0,0.1,1.75"
    }
  },
  "Name": "level3"
}