{
  "Contents": {
    "b48cdab1-3c58-446f-b2b4-b5729cbbed47": {
      "type": "BLACKBOX",
      "transform": "0.1,-12.3,0,3,1"
    },
    "36b5fc72-749a-4436-a9a3-e3be7d7ae55f": {
      "type": "ENTRANCE",
      "transform": "-8.074194,0.13,0,0.09,0.9"
    },
    "ef3e2555-1e8d-4793-a9fa-c0f6627ea05d": {
      "rendx": "4",
      "rendy": "90",
      "childTrans": "0.18,6.83,90,4,88",
      "type": "TILE_WALL",
      "transform": "0.18,6.83,90,0.2,0.2"
    },
    "21c0d9b6-db97-4404-9afa-e9cc773f58b2": {
      "type": "FLOOR",
      "transform": "-3.417848,2.6,0,0.6,0.6"
    },
    "6727554e-2356-4e10-9594-ad878ebce372": {
      "type": "BLACKBOX",
      "transform": "0.1,11.7,0,3,1"
    },
    "a0ff786e-2d9e-47af-9ef3-ca7066e5a7a4": {
      "Combo": "777",
      "IsOpen": "False",
      "type": "DOOR",
      "transform": "5,-4.75,0,1,1"
    },
    "42e26560-2ee1-4b63-a2b4-5f9d864b60bf": {
      "type": "MIRROR",
      "transform": "5.29,6,90,0.15,1.2"
    },
    "44e23df2-4cf2-4e8e-bb25-ecacd1c4e470": {
      "type": "MIRROR",
      "transform": "8.21,2.01,0,0.15,1.2"
    },
    "2d1c387a-3c34-418f-adaf-10b86d1c1281": {
      "type": "MIRROR",
      "transform": "8.21,3.69,0,0.15,1.2"
    },
    "63eecb4a-82ee-4ae4-ac3f-d56a9fc44534": {
      "type": "CAT",
      "transform": "-5.93,0.05,0,1.2,1.2"
    },
    "05c0e38b-f498-430c-bb15-749e8198e584": {
      "type": "BOOKSHELF",
      "transform": "-3.55,6.36,0,0.8,0.6"
    },
    "53baad3b-3eec-4268-8cd0-8482c8b8ec0b": {
      "Level": "level5_Redo",
      "type": "EXIT",
      "transform": "8.55,-4.6,0,1,2.712498"
    },
    "10b4985f-3389-4524-adbf-81c743dff9b9": {
      "type": "BLACKBOX",
      "transform": "-18.51,-0.7,0,2,2"
    },
    "0d6bf08d-b3aa-44a8-93be-a71ec8365436": {
      "rendx": "4",
      "rendy": "68",
      "childTrans": "-8.39,0.03,0,4,68",
      "type": "TILE_WALL",
      "transform": "-8.39,0.03,0,0.2,0.2"
    },
    "704e8a43-3368-4397-923e-b57e646890d7": {
      "rendx": "4",
      "rendy": "64",
      "childTrans": "8.79,0.03,0,4,64",
      "type": "TILE_WALL",
      "transform": "8.79,0.03,0,0.2,0.2"
    },
    "camera": {
      "size": "7.89",
      "z": "-10",
      "type": "CAMERA",
      "transform": "0.06,0.24,0,1,1"
    },
    "ce27788f-d869-4f64-81ca-e25b655512a9": {
      "rendx": "4",
      "rendy": "88",
      "childTrans": "0.01,-7.03,90,4,88",
      "type": "TILE_WALL",
      "transform": "0.01,-7.03,90,0.2,0.2"
    },
    "8876a7a0-73b6-49bb-becb-f3821786beda": {
      "type": "BLACKBOX",
      "transform": "18.8,-0.7,0,2,2"
    },
    "1f6c5645-cc8f-4a55-ab37-a4f008d01081": {
      "type": "TOY_BALL",
      "transform": "0.28,1.34,0,1,1"
    },
    "d4a74bf9-7590-4d26-af3e-7fce76d6a2f8": {
      "type": "MIRROR",
      "transform": "7.43,-1.39,300,0.15,1.2"
    },
    "1d9b6a46-c360-4ff9-b16b-7cf37283e31e": {
      "type": "MIRROR",
      "transform": "5.49,-1.87,270,0.15,1.2"
    },
    "ed160f8f-cba6-41b9-83a6-53fc8baaca2b": {
      "type": "MIRROR",
      "transform": "7.16,5.55,60,0.15,1.2"
    },
    "897c729b-7641-4ca6-a95f-c7a3841ce7b6": {
      "type": "BOOKSHELF",
      "transform": "-1.28,6.36,0,0.8,0.6"
    },
    "1777": {
      "Combo": "777",
      "Uses": "1",
      "type": "KEY",
      "transform": "6.24,4.37,0,1,1"
    },
    "e3a94a5b-44af-4f96-bb75-49c3e8d25a3e": {
      "rendx": "1.3",
      "rendy": "13",
      "childTrans": "-4.97,2.26,0,1,13",
      "type": "IRON_BARS",
      "transform": "-4.97,2.26,0,0.7,0.7"
    },
    "703768a9-6641-4b71-8633-52ca2993f3a3": {
      "type": "BOOKSHELF",
      "transform": "3.27,6.36,0,0.8,0.6"
    },
    "bf8ea16c-3ef8-4823-8435-2f13dfc99c58": {
      "type": "TABLE",
      "transform": "1.81,1.79,320,0.8,0.8"
    },
    "4e85485f-0f70-43df-8697-e034dde74b20": {
      "type": "MIRROR",
      "transform": "8.21,0.24,0,0.15,1.2"
    },
    "26aa166f-ff64-4aee-a1c3-ece5f3efca3e": {
      "type": "BOOKSHELF",
      "transform": "1,6.36,0,0.8,0.6"
    },
    "15f9b3ef-1d35-43c2-8cf1-ef722bc42e34": {
      "rendx": "4",
      "rendy": "70",
      "childTrans": "1.67,-2.37,90,4,70",
      "type": "TILE_WALL",
      "transform": "1.67,-2.37,90,0.2,0.2"
    },
    "player": {
      "Inventory": "2,c86c70e7-62a0-43fe-a199-e44fcedc1c4d",
      "type": "PLAYER",
      "transform": "-7.04,0.7,0,1.4,1.4"
    },
    "2": {
      "type": "CAT_WHISTLE"
    },
    "c86c70e7-62a0-43fe-a199-e44fcedc1c4d": {
      "type": "LASER_POINTER"
    }
  },
  "Name": "level4_Redo"
}