{
  "Contents": {
    "97a4db7b-3605-4dd8-b481-e303a966b82d": {
      "rendx": "1.4",
      "rendy": "18",
      "childTrans": "-0.03,6.54,180,18,1",
      "type": "WINDOW_TILE",
      "transform": "-0.03,6.54,90,0.8,1.1"
    },
    "5abd48c0-52c9-49fa-b060-ff96386f43ed": {
      "type": "CAULDRON",
      "transform": "7.24,-4.22,0,1,1"
    },
    "de063943-a588-4429-87b9-05f806a954e0": {
      "type": "CAULDRON",
      "transform": "-9.1,3.49,0,1,1"
    },
    "30621ec4-e1b2-4914-aced-c601dec014ce": {
      "type": "CAULDRON",
      "transform": "8.960001,-5.01,0,1,1"
    },
    "1bdae624-f221-4cfe-8844-91df08687fac": {
      "rendx": "4",
      "rendy": "100",
      "childTrans": "0,-6.5,90,4,100",
      "type": "TILE_WALL",
      "transform": "0,-6.5,90,0.2,0.2"
    },
    "fa18cecb-3b5a-41c6-8d06-54abe6050b18": {
      "rendx": "4",
      "rendy": "70",
      "childTrans": "10.32,0,0,4,70",
      "type": "TILE_WALL",
      "transform": "10.32,0,0,0.2,0.2"
    },
    "7ace3807-c50b-4b48-9df4-02da9c027a89": {
      "type": "CAULDRON",
      "transform": "8.66,-3.21,0,1,1"
    },
    "40192f28-215a-4e99-a83c-a70d67b30566": {
      "Level": "level6_Redo",
      "type": "EXIT",
      "transform": "8.1,6.29,90,1,2.2"
    },
    "4d672ca1-d351-43c5-be72-d85f0d04a9c6": {
      "type": "BLACKBOX",
      "transform": "-1.2,-11.4,0,3,1"
    },
    "a214ee1f-39f9-4ff8-baea-16f3ff8881ad": {
      "type": "BLACKBOX",
      "transform": "-1.2,11.43,0,3,1"
    },
    "779f1c59-71e6-4973-bd33-3872293e6526": {
      "type": "BLACKBOX",
      "transform": "-20.31419,-0.5888931,0,2,2"
    },
    "269b7f99-8462-44f4-b324-b4251ba1c770": {
      "type": "CAULDRON",
      "transform": "-8.99,1.35,0,1,1"
    },
    "e440019f-4f6e-44bd-92a3-da28c0300aa6": {
      "type": "CAULDRON",
      "transform": "-7.45,2.54,0,1,1"
    },
    "01f40557-798b-43ab-8973-fe7501915bb6": {
      "type": "GUARD",
      "transform": "-3.31,-5.05,90,0.4,0.4"
    },
    "972e50f2-dccc-45a0-b2ce-0fecbd8b7b9e": {
      "type": "CAT",
      "transform": "-7,-3.6,0,1.2,1.2"
    },
    "23ea2311-f76b-4cdb-b897-a53c92ab7c65": {
      "type": "BLACKBOX",
      "transform": "20.32935,-0.5024221,0,2,2"
    },
    "d3a2d93f-d212-4609-86d1-9e09bb00a02d": {
      "type": "ENTRANCE",
      "transform": "-9.85,-4.28,0,0.1,1"
    },
    "player": {
      "Inventory": "2,c86c70e7-62a0-43fe-a199-e44fcedc1c4d",
      "type": "PLAYER",
      "transform": "-8.29,-3.68,0,1.4,1.4"
    },
    "6d82f150-25fd-4718-96f4-faf0f7efaa33": {
      "type": "CAULDRON",
      "transform": "-7.31,0.55,0,1,1"
    },
    "camera": {
      "size": "7.89",
      "z": "-10",
      "type": "CAMERA",
      "transform": "0.6901948,0.1446812,0,1,1"
    },
    "bafe5683-8ed3-448e-af82-15de4affc823": {
      "rendx": "4",
      "rendy": "70",
      "childTrans": "-10.3,0,0,4,70",
      "type": "TILE_WALL",
      "transform": "-10.3,0,0,0.2,0.2"
    },
    "a6ad9cd5-4371-4608-9a7a-6cec539e4ea1": {
      "type": "CAULDRON",
      "transform": "-8.956985,-0.56,0,1,1"
    },
    "143061ae-e5c7-446d-b8d5-2438f0f5e520": {
      "type": "GUARD",
      "transform": "3.63,-5.21,90,0.4,0.4"
    },
    "aea9f5e5-4313-46fa-9e84-cbff1c90be41": {
      "type": "GUARD",
      "transform": "-8.96,5.3,0,0.4,0.4"
    },
    "4ff67cf6-ecad-4e6f-b4ba-11c8686be787": {
      "type": "FLOOR",
      "transform": "-2.208277,-2.37682,0,0.6,0.6"
    },
    "8187d8ff-6f8b-485a-a2ed-b2f8a0702928": {
      "rendx": "4",
      "rendy": "34",
      "childTrans": "0.09,0.68,0,4,34",
      "type": "TILE_WALL",
      "transform": "0.09,0.68,0,0.2,0.2"
    },
    "c86c70e7-62a0-43fe-a199-e44fcedc1c4d": {
      "type": "LASER_POINTER"
    },
    "2": {
      "type": "CAT_WHISTLE"
    }
  },
  "Name": "level5_Redo"
}