{
  "Contents": {
    "847dabf6-6203-44a6-8851-ed09309571c9": {
      "type": "FLOOR",
      "transform": "-1.163693,-1.94715,0,0.6,0.6"
    },
    "2bc96ee8-6ef1-442a-af4d-7657ca9fd7f5": {
      "rendx": "1.3",
      "rendy": "5",
      "childTrans": "-3.61,4.51,0,1,5",
      "type": "IRON_BARS",
      "transform": "-3.61,4.51,0,0.7,0.7"
    },
    "027042a8-59be-4f2a-ab8a-886e4d414644": {
      "type": "SINK",
      "transform": "-8.47,-3.85,90,0.4,0.4"
    },
    "735c9213-37c0-4aca-9a0e-01d5ba5c74c3": {
      "rendx": "4",
      "rendy": "30",
      "childTrans": "2.5,0.06,0,4,30",
      "type": "TILE_WALL",
      "transform": "2.5,0.06,0,0.2,0.2"
    },
    "0e524c04-70f8-46bc-a295-140c2fa6fee0": {
      "type": "SOFA_SIDE",
      "transform": "1.129102,-1.05,0,2,2"
    },
    "46472ffd-7650-4dd9-a5e1-53fecfde680f": {
      "type": "BLACKBOX",
      "transform": "19.89927,-0.03614092,0,2,2"
    },
    "4f959922-8aa2-4b02-9975-59db7f42a08e": {
      "type": "BLACKBOX",
      "transform": "0.64,-11.53,0,3,1"
    },
    "1777": {
      "Combo": "777",
      "Uses": "1",
      "type": "KEY",
      "transform": "8.04,-4.71,0,1,1"
    },
    "45618584-a6fc-435c-8a5e-b3a7b3d5298a": {
      "Level": "level7_Redo",
      "type": "EXIT",
      "transform": "9.6,0,0,1,2.55"
    },
    "5170d3d6-0c87-4d70-8975-117b82e937e8": {
      "rendx": "4",
      "rendy": "68",
      "childTrans": "9.8,0,0,4,68",
      "type": "TILE_WALL",
      "transform": "9.8,0,0,0.2,0.2"
    },
    "59e1abc0-6ee4-4843-aff0-fa979dc584cc": {
      "rendx": "4",
      "rendy": "68",
      "childTrans": "-9.8,0,0,4,68",
      "type": "TILE_WALL",
      "transform": "-9.8,0,0,0.2,0.2"
    },
    "154bdf6c-511b-4edf-ab5b-8d72d2cd4682": {
      "rendx": "4",
      "rendy": "100",
      "childTrans": "0,-6.3,90,4,100",
      "type": "TILE_WALL",
      "transform": "0,-6.3,90,0.2,0.2"
    },
    "21727c1c-1dfa-4de7-b56e-140dcd6eb7f3": {
      "Combo": "777",
      "IsOpen": "False",
      "type": "DOOR",
      "transform": "-3.6,0.71,0,1,1"
    },
    "61db77ff-4784-42b9-8273-e97d787d75ac": {
      "type": "BLACKBOX",
      "transform": "-20.00471,-0.5973449,0,2,2"
    },
    "bf0d66a6-27ce-4de7-a2b4-6b11c4057ce1": {
      "childID": "2a5dadb8-e66a-42ab-82fb-69ee2cbc23c4",
      "type": "BUTTON",
      "transform": "4.32,-0.13,0,1,1"
    },
    "6d7453ae-f927-4833-ab10-edbe88796841": {
      "type": "TOILET",
      "transform": "-8.25,-5.24,90,0.75,0.75"
    },
    "cc982191-9964-4cd6-9a1d-644dfd3ec984": {
      "rendx": "1.3",
      "rendy": "9",
      "childTrans": "-6.5,-1.5,270,1,9",
      "type": "IRON_BARS",
      "transform": "-6.5,-1.5,270,0.7,0.7"
    },
    "81eb5fa6-f76c-4102-8524-de8a9f84c2cd": {
      "rendx": "4",
      "rendy": "100",
      "childTrans": "0,6.5,90,4,100",
      "type": "TILE_WALL",
      "transform": "0,6.5,90,0.2,0.2"
    },
    "4583203c-6672-4a68-9684-ebd9e05ebae6": {
      "type": "CAT",
      "transform": "-6.181515,4.655666,0,1.2,1.2"
    },
    "f8107187-4cef-45a3-ac8d-9c19d30b0d9d": {
      "rendx": "4",
      "rendy": "24",
      "childTrans": "-5.47,-4.27,0,4,24",
      "type": "TILE_WALL",
      "transform": "-5.47,-4.27,0,0.2,0.2"
    },
    "3c522aa2-833f-4aab-9376-9f92e5c77705": {
      "type": "BLACKBOX",
      "transform": "0.64,11.65,0,3,1"
    },
    "c5e286e1-540c-47fd-a5fe-b080b726a792": {
      "rendx": "1.4",
      "rendy": "3",
      "childTrans": "2.45,4.45,90,4,1",
      "type": "WINDOW_TILE",
      "transform": "2.45,4.45,0,0.8,1.1"
    },
    "player": {
      "Inventory": "2,c86c70e7-62a0-43fe-a199-e44fcedc1c4d",
      "type": "PLAYER",
      "transform": "-7.73,4.55,0,1.4,1.4"
    },
    "2a5dadb8-e66a-42ab-82fb-69ee2cbc23c4": {
      "type": "MIRROR",
      "transform": "8.1,4.99,45,0.15,1.5"
    },
    "camera": {
      "size": "7.89",
      "z": "-10",
      "type": "CAMERA",
      "transform": "0.5788996,0.14,0,1,1"
    },
    "dfaa15fc-35ab-409d-892c-fa1bd81cf9ea": {
      "type": "ENTRANCE",
      "transform": "-9.41,3.54,0,0.1,1"
    },
    "2": {
      "type": "CAT_WHISTLE"
    },
    "c86c70e7-62a0-43fe-a199-e44fcedc1c4d": {
      "type": "LASER_POINTER"
    }
  },
  "Name": "level6_Redo"
}