{
  "Contents": {
    "9bfea981-bb17-4643-846d-9121e25f76b4": {
      "type": "GUARD",
      "transform": "-6.76,-4.32,90,0.4,0.4"
    },
    "9b76fa28-5d8f-46af-9a97-4740725626d4": {
      "rendx": "4",
      "rendy": "84",
      "childTrans": "4.61,-6,90,4,84",
      "type": "TILE_WALL",
      "transform": "4.61,-6,90,0.2,0.2"
    },
    "c379c917-a68d-494a-a382-0b9a12e0ee52": {
      "type": "BLACKBOX",
      "transform": "-0.17,-10.91,0,3,1"
    },
    "7723d58b-ffb0-4318-8078-9906abe2639d": {
      "type": "CAT",
      "transform": "-1.879706,-2.77,0,1.2,1.2"
    },
    "0298119f-8b45-49e7-b356-d80df992e02c": {
      "rendx": "4",
      "rendy": "24",
      "childTrans": "8.719999,0.31,0,4,24",
      "type": "TILE_WALL",
      "transform": "8.719999,0.65,0,0.2,0.2"
    },
    "1586377c-4f1a-45f5-9216-bc1beed9a8d1": {
      "type": "BLACKBOX",
      "transform": "22.74,0.85,0,2,2"
    },
    "65a56efd-d3ba-4082-969e-8faec620f558": {
      "type": "BLACKBOX",
      "transform": "-22.48294,0.5397611,0,2,2"
    },
    "7b913971-9c6b-40d4-9dec-5d62f4e14b50": {
      "type": "TOILET",
      "transform": "-11.16127,1,90,0.75,0.75"
    },
    "1777": {
      "Combo": "777",
      "Uses": "1",
      "type": "KEY",
      "transform": "-11.26,-4.67,0,1,1"
    },
    "37ca76a8-d934-469a-b263-9e6093372aa5": {
      "Level": "level9_Redo",
      "type": "EXIT",
      "transform": "12.85,3.91,0,1,2.612502"
    },
    "a518c37d-1baa-4424-ac11-298700f4af04": {
      "rendx": "1.4",
      "rendy": "8",
      "childTrans": "-7.91,-5.87,0,8,1",
      "type": "WINDOW_TILE",
      "transform": "-7.91,-5.87,270,0.8,1.1"
    },
    "1f6c5645-cc8f-4a55-ab37-a4f008d01081": {
      "type": "TOY_BALL",
      "transform": "-11.54,7.09,0,1,1"
    },
    "53f02765-3bd5-481a-b3a6-73c12a0b888d": {
      "rendx": "1.3",
      "rendy": "5",
      "childTrans": "11.14,6.15,90,1,5",
      "type": "IRON_BARS",
      "transform": "11.14,6.15,90,0.7,0.7"
    },
    "cce09128-a678-4e90-8f79-f51ac92534a4": {
      "rendx": "1.4",
      "rendy": "10",
      "childTrans": "-6.67,8.82,180,10,1",
      "type": "WINDOW_TILE",
      "transform": "-6.67,8.82,90,0.8,1.1"
    },
    "a90398d3-b0ab-460f-9a81-818c850a8324": {
      "type": "TOILET",
      "transform": "-11.16,-1.38,90,0.75,0.75"
    },
    "ba57e18e-a683-47f8-9634-ebf035031d92": {
      "rendx": "1.3",
      "rendy": "5",
      "childTrans": "-2.2,6.15,90,1,5",
      "type": "IRON_BARS",
      "transform": "-2.2,6.15,90,0.7,0.7"
    },
    "595f8fcd-535d-4600-9507-4de96ce3ebda": {
      "rendx": "4",
      "rendy": "24",
      "childTrans": "4.69,0.31,0,4,24",
      "type": "TILE_WALL",
      "transform": "4.69,0.65,0,0.2,0.2"
    },
    "752996c5-ea21-4217-8787-e2847f776029": {
      "rendx": "4",
      "rendy": "74",
      "childTrans": "5.76,8.83,90,4,74",
      "type": "TILE_WALL",
      "transform": "5.76,8.83,90,0.2,0.2"
    },
    "a39f8af1-04e3-4949-bd8c-a40a37e1e83d": {
      "rendx": "4",
      "rendy": "51",
      "childTrans": "4.48,6.15,90,4,51",
      "type": "TILE_WALL",
      "transform": "4.48,6.15,90,0.2,0.2"
    },
    "c9368d93-2f0e-445f-9905-355d6870c1cc": {
      "type": "ENTRANCE",
      "transform": "-0.99,-5.4,90,0.1,0.9"
    },
    "2dedc89b-7353-45f6-b194-6452000db2c7": {
      "type": "MIRROR",
      "transform": "-4.83,5.84,90,0.15,1.2"
    },
    "e53bd614-a235-4095-a306-d07ad1d8cd09": {
      "rendx": "4",
      "rendy": "78",
      "childTrans": "12.82918,1.37,0,4,78",
      "type": "TILE_WALL",
      "transform": "12.82918,1.37,0,0.2,0.2"
    },
    "087baf41-32ed-4936-8e6e-e8d072a9d8db": {
      "Combo": "778",
      "IsOpen": "False",
      "type": "DOOR",
      "transform": "-3.48,3.65,180,1,1"
    },
    "ad2a04d4-5d6b-43bc-ac02-fa69896f28cd": {
      "rendx": "1.4",
      "rendy": "14",
      "childTrans": "-12.51,1.44,270,14,1",
      "type": "WINDOW_TILE",
      "transform": "-12.51,1.44,180,0.8,1.1"
    },
    "dd90239c-7aec-4258-b7c5-974ce0ff6fd6": {
      "type": "MIRROR",
      "transform": "4.25,2.25,0,0.12,1.2"
    },
    "1b2d706c-08d1-4fb4-b79e-a40f2280dbc4": {
      "rendx": "4",
      "rendy": "40",
      "childTrans": "-3.28,-2.38,0,4,40",
      "type": "TILE_WALL",
      "transform": "-3.28,-2.38,0,0.2,0.2"
    },
    "86cc1bc6-d68e-47c2-819e-60d1a1ecfba3": {
      "type": "SINK",
      "transform": "-11.81,2.21,90,0.4,0.4"
    },
    "2c58675f-8c7e-4d36-abff-2ef4989ed964": {
      "type": "MIRROR",
      "transform": "-11.05,5.84,90,0.15,1.2"
    },
    "095a4866-8875-4cb2-a2fe-01b65d0a739e": {
      "type": "GUARD",
      "transform": "10.56,2.27,270,0.4,0.4"
    },
    "7b567ee0-5164-4443-b5c9-a597c286d754": {
      "type": "MIRROR",
      "transform": "-9.01,5.84,90,0.15,1.2"
    },
    "camera": {
      "size": "8.926903",
      "z": "-10",
      "type": "CAMERA",
      "transform": "0.1337187,1.4,0,1,1"
    },
    "1778": {
      "Combo": "778",
      "Uses": "1",
      "type": "KEY",
      "transform": "11.55025,-4.81,0,1,1"
    },
    "35692f65-fe28-4005-8135-f0f52a9e0fcb": {
      "Combo": "777",
      "IsOpen": "False",
      "type": "DOOR",
      "transform": "12.10937,3.940778,0,1,1"
    },
    "a0783f56-8c34-4b9c-81db-0a749706cc86": {
      "type": "GUARD",
      "transform": "2.31,-4.76,90,0.4,0.4"
    },
    "61267279-7fad-4e08-8242-b2ef26a156ca": {
      "type": "GUARD",
      "transform": "6.68,-4.72,90,0.4,0.4"
    },
    "bfd00e17-15a9-4624-9ee1-67cc04b20a95": {
      "type": "MIRROR",
      "transform": "8.28,0.6600002,0,0.12,1.2"
    },
    "b4150da2-c990-4583-be96-a53b1b79a8d5": {
      "type": "SINK",
      "transform": "-11.81,-0.13,90,0.4,0.4"
    },
    "1836a965-a31a-4688-8e8f-d47a647303ac": {
      "type": "MIRROR",
      "transform": "4.25,-0.92,0,0.12,1.2"
    },
    "e121e3f6-8bc3-4235-a08e-704820bfc7c1": {
      "type": "MIRROR",
      "transform": "4.25,0.6600002,0,0.12,1.2"
    },
    "4497574a-1bab-42d7-9a52-d6a29fe4860b": {
      "type": "TOILET",
      "transform": "-11.16127,3.47,90,0.75,0.75"
    },
    "player": {
      "Inventory": "2,c86c70e7-62a0-43fe-a199-e44fcedc1c4d",
      "type": "PLAYER",
      "transform": "-0.81,-3.38,0,1.4,1.4"
    },
    "d9b65988-83a1-44ec-a4e3-e8a017abde7d": {
      "type": "BLACKBOX",
      "transform": "0.61,13.73,0,3,1"
    },
    "803a18ca-2056-44b5-921d-2c969c1935e9": {
      "type": "FLOOR",
      "transform": "-4.766381,3.415194,0,0.6,0.6"
    },
    "2cee1a05-a29d-403c-9eb8-974888781e02": {
      "rendx": "1.4",
      "rendy": "1.7",
      "childTrans": "-6.91,5.79,180,1.7,1",
      "type": "WINDOW_TILE",
      "transform": "-6.91,5.79,90,0.8,1.1"
    },
    "3a9577a9-bfe7-41f2-8191-051a3f7e9754": {
      "type": "MIRROR",
      "transform": "8.28,-0.96,0,0.12,1.2"
    },
    "6395f7a2-ab7a-4b98-a114-301e8d372338": {
      "type": "MIRROR",
      "transform": "8.28,2.21,0,0.12,1.2"
    },
    "2": {
      "type": "CAT_WHISTLE"
    },
    "c86c70e7-62a0-43fe-a199-e44fcedc1c4d": {
      "type": "LASER_POINTER"
    }
  },
  "Name": "level8_Redo"
}